name,coordinates,type,iso_country,municipality,iata_code
Port Moresby Jacksons International Airport,"-9.443380355834961, 147.22000122070312",large_airport,PG,Port Moresby,POM
Keflavik International Airport,"63.985000610352, -22.605600357056",large_airport,IS,Reykjavík,KEF
Priština International Airport,"42.5728, 21.035801",large_airport,XK,Prishtina,PRN
Edmonton International Airport,"53.309700012200004, -113.580001831",large_airport,CA,Edmonton,YEG
Halifax / Stanfield International Airport,"44.8807983398, -63.5085983276",large_airport,CA,Halifax,YHZ
Ottawa Macdonald-Cartier International Airport,"45.3224983215332, -75.66919708251953",large_airport,CA,Ottawa,YOW
Montreal / Pierre Elliott Trudeau International Airport,"45.4706001282, -73.7407989502",large_airport,CA,Montréal,YUL
Vancouver International Airport,"49.193901062, -123.183998108",large_airport,CA,Vancouver,YVR
Winnipeg / James Armstrong Richardson International Airport,"49.909999847399995, -97.2398986816",large_airport,CA,Winnipeg,YWG
Calgary International Airport,"51.113899231, -114.019996643",large_airport,CA,Calgary,YYC
Victoria International Airport,"48.646900177, -123.426002502",large_airport,CA,Victoria,YYJ
St. John's International Airport,"47.618598938, -52.7518997192",large_airport,CA,St. John's,YYT
Lester B. Pearson International Airport,"43.6772003174, -79.63059997559999",large_airport,CA,Toronto,YYZ
Houari Boumediene Airport,"36.691001892089844, 3.215409994125366",large_airport,DZ,Algiers,ALG
Ouagadougou Airport,"12.3532, -1.51242",large_airport,BF,Ouagadougou,OUA
Kotoka International Airport,"5.605189800262451, -0.16678600013256073",large_airport,GH,Accra,ACC
Nnamdi Azikiwe International Airport,"9.006790161132812, 7.263169765472412",large_airport,NG,Abuja,ABV
Akwa Ibom International Airport,"4.8725, 8.093",large_airport,NG,Uyo,QUO
Mallam Aminu International Airport,"12.0476, 8.52462",large_airport,NG,Kano,KAN
Murtala Muhammed International Airport,"6.5773701667785645, 3.321160078048706",large_airport,NG,Lagos,LOS
Diori Hamani International Airport,"13.4815, 2.18361",large_airport,NE,Niamey,NIM
Tunis Carthage International Airport,"36.85100173950195, 10.22719955444336",large_airport,TN,Tunis,TUN
Brussels Airport,"50.901401519800004, 4.48443984985",large_airport,BE,Brussels,BRU
Brussels South Charleroi Airport,"50.459202, 4.45382",large_airport,BE,Brussels,CRL
Liège Airport,"50.63740158081055, 5.443220138549805",large_airport,BE,Liège,LGG
Berlin-Schönefeld Airport,"52.380001, 13.5225",large_airport,DE,Berlin,SXF
Dresden Airport,"51.1328010559082, 13.767200469970703",large_airport,DE,Dresden,DRS
Frankfurt am Main Airport,"50.033333, 8.570556",large_airport,DE,Frankfurt am Main,FRA
Münster Osnabrück Airport,"52.134601593, 7.68483018875",large_airport,DE,Münster,FMO
Hamburg Airport,"53.630401611328, 9.9882297515869",large_airport,DE,Hamburg,HAM
Cologne Bonn Airport,"50.8658981323, 7.1427397728",large_airport,DE,Cologne,CGN
Düsseldorf Airport,"51.289501, 6.76678",large_airport,DE,Düsseldorf,DUS
Munich Airport,"48.353802, 11.7861",large_airport,DE,Munich,MUC
Nuremberg Airport,"49.498699, 11.078056",large_airport,DE,Nuremberg,NUE
Leipzig/Halle Airport,"51.423889, 12.236389",large_airport,DE,Leipzig,LEJ
Stuttgart Airport,"48.689899444599995, 9.22196006775",large_airport,DE,Stuttgart,STR
Berlin-Tegel Airport,"52.5597, 13.2877",large_airport,DE,Berlin,TXL
Hannover Airport,"52.461101532, 9.685079574580001",large_airport,DE,Hannover,HAJ
Bremen Airport,"53.0475006104, 8.78666973114",large_airport,DE,Bremen,BRE
Dortmund Airport,"51.51829910279999, 7.61223983765",large_airport,DE,Dortmund,DTM
Karlsruhe Baden-Baden Airport,"48.7793998718, 8.08049964905",large_airport,DE,Baden-Baden,FKB
Lennart Meri Tallinn Airport,"59.41329956049999, 24.832799911499997",large_airport,EE,Tallinn,TLL
Helsinki Vantaa Airport,"60.317199707031, 24.963300704956",large_airport,FI,Helsinki,HEL
Belfast International Airport,"54.6575012207, -6.2158298492399995",large_airport,GB,Belfast,BFS
George Best Belfast City Airport,"54.618099212646484, -5.872499942779541",large_airport,GB,Belfast,BHD
Birmingham International Airport,"52.453899383499994, -1.74802994728",large_airport,GB,Birmingham,BHX
Manchester Airport,"53.35369873046875, -2.2749500274658203",large_airport,GB,Manchester,MAN
Robin Hood Doncaster Sheffield Airport,"53.4805378105, -1.01065635681",large_airport,GB,Doncaster,DSA
Cardiff International Airport,"51.39670181274414, -3.343329906463623",large_airport,GB,Cardiff,CWL
Bristol Airport,"51.382702, -2.71909",large_airport,GB,Bristol,BRS
Liverpool John Lennon Airport,"53.33359909057617, -2.849720001220703",large_airport,GB,Liverpool,LPL
London Luton Airport,"51.874698638916016, -0.36833301186561584",large_airport,GB,London,LTN
Bournemouth Airport,"50.779998779296875, -1.8424999713897705",large_airport,GB,Bournemouth,BOH
Southampton Airport,"50.95029830932617, -1.3567999601364136",large_airport,GB,Southampton,SOU
London Gatwick Airport,"51.148102, -0.190278",large_airport,GB,London,LGW
London Heathrow Airport,"51.4706, -0.461941",large_airport,GB,London,LHR
Leeds Bradford Airport,"53.86589813232422, -1.6605700254440308",large_airport,GB,Leeds,LBA
Newcastle Airport,"55.037498474121094, -1.6916699409484863",large_airport,GB,Newcastle,NCL
East Midlands Airport,"52.8311004639, -1.32806003094",large_airport,GB,Nottingham,EMA
Aberdeen Dyce Airport,"57.201900482177734, -2.197779893875122",large_airport,GB,Aberdeen,ABZ
Glasgow International Airport,"55.8718986511, -4.43306016922",large_airport,GB,Glasgow,GLA
Edinburgh Airport,"55.95000076293945, -3.372499942779541",large_airport,GB,Edinburgh,EDI
Norwich International Airport,"52.6758003235, 1.28278005123",large_airport,GB,Norwich,NWI
London Stansted Airport,"51.8849983215, 0.234999999404",large_airport,GB,London,STN
Exeter International Airport,"50.73440170288086, -3.4138898849487305",large_airport,GB,Exeter,EXT
RAF Lakenheath,"52.409301757799994, 0.56099998951",large_airport,GB,Lakenheath,LKZ
RAF Mildenhall,"52.361900329589844, 0.48640599846839905",large_airport,GB,Mildenhall,MHZ
RAF Fairford,"51.6822013855, -1.7900300025900002",large_airport,GB,Fairford,FFD
RAF Brize Norton,"51.75, -1.58362",large_airport,GB,Brize Norton,BZZ
Amsterdam Airport Schiphol,"52.308601, 4.76389",large_airport,NL,Amsterdam,AMS
Eindhoven Airport,"51.4500999451, 5.37452983856",large_airport,NL,Eindhoven,EIN
Cork Airport,"51.84130096435547, -8.491109848022461",large_airport,IE,Cork,ORK
Dublin Airport,"53.421299, -6.27007",large_airport,IE,Dublin,DUB
Shannon Airport,"52.702, -8.92482",large_airport,IE,Shannon,SNN
Billund Airport,"55.7402992249, 9.15178012848",large_airport,DK,Billund,BLL
Copenhagen Kastrup Airport,"55.617900848389, 12.656000137329",large_airport,DK,Copenhagen,CPH
Aalborg Airport,"57.0927589138, 9.84924316406",large_airport,DK,Aalborg,AAL
Luxembourg-Findel International Airport,"49.6233333, 6.2044444",large_airport,LU,Luxembourg,LUX
Bodø Airport,"67.26920318603516, 14.365300178527832",large_airport,NO,Bodø,BOO
Bergen Airport Flesland,"60.29339981, 5.218140125",large_airport,NO,Bergen,BGO
Oslo Gardermoen Airport,"60.193901062012, 11.100399971008",large_airport,NO,Oslo,OSL
Tromsø Airport,"69.68329620361328, 18.918899536132812",large_airport,NO,Tromsø,TOS
Trondheim Airport Værnes,"63.4578018, 10.9239998",large_airport,NO,Trondheim,TRD
Stavanger Airport Sola,"58.876701354, 5.6377801895",large_airport,NO,Stavanger,SVG
Gdańsk Lech Wałęsa Airport,"54.377601623535156, 18.46619987487793",large_airport,PL,Gdańsk,GDN
Kraków John Paul II International Airport,"50.077702, 19.7848",large_airport,PL,Kraków,KRK
Katowice International Airport,"50.4743, 19.08",large_airport,PL,Katowice,KTW
Modlin Airport,"52.451099, 20.6518",large_airport,PL,Warsaw,WMI
Poznań-Ławica Airport,"52.421001434299995, 16.8262996674",large_airport,PL,Poznań,POZ
Warsaw Chopin Airport,"52.1656990051, 20.967100143399996",large_airport,PL,Warsaw,WAW
Copernicus Wrocław Airport,"51.1026992798, 16.885799408",large_airport,PL,Wrocław,WRO
Gothenburg-Landvetter Airport,"57.662799835205, 12.279800415039",large_airport,SE,Gothenburg,GOT
Malmö Sturup Airport,"55.536305364, 13.376197814900001",large_airport,SE,Malmö,MMX
Luleå Airport,"65.543800354004, 22.121999740601",large_airport,SE,Luleå,LLA
Stockholm-Arlanda Airport,"59.651901245117, 17.918600082397",large_airport,SE,Stockholm,ARN
Ramstein Air Base,"49.4369010925293, 7.600279808044434",large_airport,DE,Ramstein,RMS
Riga International Airport,"56.92359924316406, 23.971099853515625",large_airport,LV,Riga,RIX
Vilnius International Airport,"54.634102, 25.285801",large_airport,LT,Vilnius,VNO
Cape Town International Airport,"-33.9648017883, 18.6016998291",large_airport,ZA,Cape Town,CPT
George Airport,"-34.0056, 22.378902",large_airport,ZA,George,GRJ
OR Tambo International Airport,"-26.1392, 28.246",large_airport,ZA,Johannesburg,JNB
King Shaka International Airport,"-29.6144444444, 31.1197222222",large_airport,ZA,Durban,DUR
Sir Seretse Khama International Airport,"-24.555201, 25.9182",large_airport,BW,Gaborone,GBE
Sir Seewoosagur Ramgoolam International Airport,"-20.430201, 57.683601",large_airport,MU,Port Louis,MRU
Kenneth Kaunda International Airport Lusaka,"-15.3308000565, 28.4526004791",large_airport,ZM,Lusaka,LUN
Ivato Airport,"-18.7969, 47.478802",large_airport,MG,Antananarivo,TNR
Quatro de Fevereiro Airport,"-8.85837, 13.2312",large_airport,AO,Luanda,LAD
Maputo Airport,"-25.920799, 32.572601",large_airport,MZ,Maputo,MPM
Seychelles International Airport,"-4.67434, 55.521801",large_airport,SC,Mahe Island,SEZ
N'Djamena International Airport,"12.1337, 15.034",large_airport,TD,N'Djamena,NDJ
Robert Gabriel Mugabe International Airport,"-17.931801, 31.0928",large_airport,ZW,Harare,HRE
Ndjili International Airport,"-4.38575, 15.4446",large_airport,CD,Kinshasa,FIH
Modibo Keita International Airport,"12.5335, -7.94994",large_airport,ML,Bamako,BKO
La Palma Airport,"28.626499, -17.7556",large_airport,ES,"Sta Cruz de la Palma, La Palma Island",SPC
Gran Canaria Airport,"27.931900024414062, -15.38659954071045",large_airport,ES,Gran Canaria Island,LPA
Tenerife South Airport,"28.044500351, -16.5725002289",large_airport,ES,Tenerife Island,TFS
Tenerife Norte Airport,"28.4827003479, -16.3414993286",large_airport,ES,Tenerife Island,TFN
Lungi International Airport,"8.61644, -13.1955",large_airport,SL,Freetown,FNA
Roberts International Airport,"6.23379, -10.3623",large_airport,LR,Monrovia,ROB
Mohammed V International Airport,"33.36750030517578, -7.589970111846924",large_airport,MA,Casablanca,CMN
Blaise Diagne International Airport,"14.67, -17.073333",large_airport,SN,Dakar,DSS
Léopold Sédar Senghor International Airport,"14.739700317382812, -17.49020004272461",large_airport,SN,Dakar,DKR
Nouakchott–Oumtounsy International Airport,"18.31, -15.9697222",large_airport,MR,Nouakchott,NKC
Amílcar Cabral International Airport,"16.7414, -22.9494",large_airport,CV,Espargos,SID
Addis Ababa Bole International Airport,"8.97789001465, 38.799301147499996",large_airport,ET,Addis Ababa,ADD
Cairo International Airport,"30.12190055847168, 31.40559959411621",large_airport,EG,Cairo,CAI
Hurghada International Airport,"27.178300857543945, 33.799400329589844",large_airport,EG,Hurghada,HRG
Luxor International Airport,"25.671, 32.7066",large_airport,EG,Luxor,LXR
Jomo Kenyatta International Airport,"-1.31923997402, 36.9277992249",large_airport,KE,Nairobi,NBO
Mombasa Moi International Airport,"-4.034830093383789, 39.594200134277344",large_airport,KE,Mombasa,MBA
Tripoli International Airport,"32.6635017395, 13.1590003967",large_airport,LY,Tripoli,TIP
Kigali International Airport,"-1.96863, 30.1395",large_airport,RW,Kigali,KGL
Juba International Airport,"4.87201023102, 31.6011009216",large_airport,SS,Juba,JUB
Khartoum International Airport,"15.589500427246094, 32.553199768066406",large_airport,SD,Khartoum,KRT
Julius Nyerere International Airport,"-6.87811, 39.202599",large_airport,TZ,Dar es Salaam,DAR
Abeid Amani Karume International Airport,"-6.22202, 39.224899",large_airport,TZ,Zanzibar,ZNZ
Entebbe International Airport,"0.042386, 32.443501",large_airport,UG,Kampala,EBB
Albuquerque International Sunport,"35.040199, -106.609001",large_airport,US,Albuquerque,ABQ
Joint Base Andrews,"38.810799, -76.866997",large_airport,US,Camp Springs,ADW
Fort Worth Alliance Airport,"32.9875984192, -97.31880187990001",large_airport,US,Fort Worth,AFW
Augusta Regional At Bush Field,"33.36989974975586, -81.9645004272461",large_airport,US,Augusta,AGS
Rick Husband Amarillo International Airport,"35.219398, -101.706001",large_airport,US,Amarillo,AMA
Hartsfield Jackson Atlanta International Airport,"33.6367, -84.428101",large_airport,US,Atlanta,ATL
Austin Bergstrom International Airport,"30.194499969482422, -97.6698989868164",large_airport,US,Austin,AUS
Asheville Regional Airport,"35.43619918823242, -82.54180145263672",large_airport,US,Asheville,AVL
Beale Air Force Base,"39.136100769, -121.43699646",large_airport,US,Marysville,BAB
Barksdale Air Force Base,"32.5018005371, -93.6626968384",large_airport,US,Bossier City,BAD
Bradley International Airport,"41.9388999939, -72.68319702149999",large_airport,US,Hartford,BDL
Boeing Field King County International Airport,"47.529998779296875, -122.302001953125",large_airport,US,Seattle,BFI
Bangor International Airport,"44.80739974975586, -68.8281021118164",large_airport,US,Bangor,BGR
Birmingham-Shuttlesworth International Airport,"33.56290054, -86.75350189",large_airport,US,Birmingham,BHM
Billings Logan International Airport,"45.807701110839844, -108.54299926757812",large_airport,US,Billings,BIL
Scott AFB/Midamerica Airport,"38.5452, -89.835197",large_airport,US,Belleville,BLV
Central Illinois Regional Airport at Bloomington-Normal,"40.47710037, -88.91590118",large_airport,US,Bloomington/Normal,BMI
Nashville International Airport,"36.1245002746582, -86.6781997680664",large_airport,US,Nashville,BNA
Boise Air Terminal/Gowen Field,"43.5644, -116.223",large_airport,US,Boise,BOI
General Edward Lawrence Logan International Airport,"42.36429977, -71.00520325",large_airport,US,Boston,BOS
Buffalo Niagara International Airport,"42.94049835, -78.73220062",large_airport,US,Buffalo,BUF
Baltimore/Washington International Thurgood Marshall Airport,"39.1754, -76.668297",large_airport,US,Baltimore,BWI
Columbia Metropolitan Airport,"33.93880081176758, -81.11949920654297",large_airport,US,Columbia,CAE
Columbus Air Force Base,"33.6437988281, -88.44380187990001",large_airport,US,Columbus,CBM
Lovell Field,"35.035301208496094, -85.20379638671875",large_airport,US,Chattanooga,CHA
Charleston Air Force Base-International Airport,"32.89860153, -80.04049683",large_airport,US,Charleston,CHS
The Eastern Iowa Airport,"41.884700775146484, -91.71080017089844",large_airport,US,Cedar Rapids,CID
Cleveland Hopkins International Airport,"41.4117012024, -81.8498001099",large_airport,US,Cleveland,CLE
Charlotte Douglas International Airport,"35.2140007019043, -80.94309997558594",large_airport,US,Charlotte,CLT
John Glenn Columbus International Airport,"39.998001, -82.891899",large_airport,US,Columbus,CMH
City of Colorado Springs Municipal Airport,"38.805801, -104.700996",large_airport,US,Colorado Springs,COS
Corpus Christi International Airport,"27.77039909362793, -97.5011978149414",large_airport,US,Corpus Christi,CRP
Yeager Airport,"38.37310028076172, -81.59320068359375",large_airport,US,Charleston,CRW
Cincinnati Northern Kentucky International Airport,"39.0488014221, -84.6678009033",large_airport,US,Cincinnati,CVG
Cannon Air Force Base,"34.3828010559, -103.321998596",large_airport,US,Clovis,CVS
Daytona Beach International Airport,"29.179899, -81.058098",large_airport,US,Daytona Beach,DAB
Dallas Love Field,"32.847099, -96.851799",large_airport,US,Dallas,DAL
James M Cox Dayton International Airport,"39.902400970458984, -84.21939849853516",large_airport,US,Dayton,DAY
Dubuque Regional Airport,"42.40200043, -90.70950317",large_airport,US,Dubuque,DBQ
Ronald Reagan Washington National Airport,"38.8521, -77.037697",large_airport,US,Washington,DCA
Denver International Airport,"39.861698150635, -104.672996521",large_airport,US,Denver,DEN
Dallas Fort Worth International Airport,"32.896801, -97.038002",large_airport,US,Dallas-Fort Worth,DFW
DLF Airport,"29.359501, -100.778002",large_airport,US,Del Rio,DLF
Duluth International Airport,"46.8420982361, -92.19360351559999",large_airport,US,Duluth,DLH
Dover Air Force Base,"39.12950134, -75.46600342",large_airport,US,Dover,DOV
Des Moines International Airport,"41.534000396728516, -93.66310119628906",large_airport,US,Des Moines,DSM
Detroit Metropolitan Wayne County Airport,"42.212398529052734, -83.35340118408203",large_airport,US,Detroit,DTW
Dyess Air Force Base,"32.4207992554, -99.854598999",large_airport,US,Abilene,DYS
Edwards Air Force Base,"34.905399, -117.884003",large_airport,US,Edwards,EDW
Vance Air Force Base,"36.339199066199996, -97.9164962769",large_airport,US,Enid,END
Erie International Tom Ridge Field,"42.0831270134, -80.1738667488",large_airport,US,Erie,ERI
Newark Liberty International Airport,"40.692501068115234, -74.168701171875",large_airport,US,Newark,EWR
Wright-Patterson Air Force Base,"39.8260993958, -84.0483016968",large_airport,US,Dayton,FFO
Fort Lauderdale Hollywood International Airport,"26.072599, -80.152702",large_airport,US,Fort Lauderdale,FLL
Fort Smith Regional Airport,"35.33660125732422, -94.36740112304688",large_airport,US,Fort Smith,FSM
Fort Worth Meacham International Airport,"32.819801, -97.362396",large_airport,US,Fort Worth,FTW
Fort Wayne International Airport,"40.97850037, -85.19509888",large_airport,US,Fort Wayne,FWA
Spokane International Airport,"47.61989974975586, -117.53399658203125",large_airport,US,Spokane,GEG
Gulfport Biloxi International Airport,"30.40730094909668, -89.07009887695312",large_airport,US,Gulfport,GPT
Austin Straubel International Airport,"44.48509979248047, -88.12960052490234",large_airport,US,Green Bay,GRB
Seymour Johnson Air Force Base,"35.33940125, -77.96060181",large_airport,US,Goldsboro,GSB
Piedmont Triad International Airport,"36.097801208496094, -79.93730163574219",large_airport,US,Greensboro,GSO
Greenville Spartanburg International Airport,"34.8956985474, -82.2189025879",large_airport,US,Greenville,GSP
Grissom Air Reserve Base,"40.648101806599996, -86.1520996094",large_airport,US,Peru,GUS
Range Regional Airport,"47.38660049, -92.83899689",large_airport,US,Hibbing,HIB
Holloman Air Force Base,"32.8525009155, -106.107002258",large_airport,US,Alamogordo,HMN
William P Hobby Airport,"29.64539909, -95.27890015",large_airport,US,Houston,HOU
Huntsville International Carl T Jones Field,"34.637199401855, -86.775100708008",large_airport,US,Huntsville,HSV
Tri-State/Milton J. Ferguson Field,"38.36669922, -82.55799866",large_airport,US,Huntington,HTS
Washington Dulles International Airport,"38.94449997, -77.45580292",large_airport,US,Washington,IAD
George Bush Intercontinental Houston Airport,"29.984399795532227, -95.34140014648438",large_airport,US,Houston,IAH
Wichita Eisenhower National Airport,"37.649899, -97.433098",large_airport,US,Wichita,ICT
Indianapolis International Airport,"39.7173, -86.294403",large_airport,US,Indianapolis,IND
Jackson-Medgar Wiley Evers International Airport,"32.3111991882, -90.0758972168",large_airport,US,Jackson,JAN
Jacksonville International Airport,"30.49410057067871, -81.68789672851562",large_airport,US,Jacksonville,JAX
John F Kennedy International Airport,"40.63980103, -73.77890015",large_airport,US,New York,JFK
Joplin Regional Airport,"37.151798248291016, -94.49829864501953",large_airport,US,Joplin,JLN
McCarran International Airport,"36.08010101, -115.1520004",large_airport,US,Las Vegas,LAS
Los Angeles International Airport,"33.94250107, -118.4079971",large_airport,US,Los Angeles,LAX
Lubbock Preston Smith International Airport,"33.663601, -101.822998",large_airport,US,Lubbock,LBB
Rickenbacker International Airport,"39.813801, -82.927803",large_airport,US,Columbus,LCK
Blue Grass Airport,"38.0364990234375, -84.60590362548828",large_airport,US,Lexington,LEX
Langley Air Force Base,"37.082901001, -76.360496521",large_airport,US,Hampton,LFI
Lafayette Regional Airport,"30.20529938, -91.98760223",large_airport,US,Lafayette,LFT
La Guardia Airport,"40.77719879, -73.87259674",large_airport,US,New York,LGA
Bill & Hillary Clinton National Airport/Adams Field,"34.729400634799994, -92.2242965698",large_airport,US,Little Rock,LIT
Altus Air Force Base,"34.667098999, -99.2667007446",large_airport,US,Altus,LTS
Luke Air Force Base,"33.534999847399995, -112.383003235",large_airport,US,Glendale,LUF
MBS International Airport,"43.532901763916016, -84.07959747314453",large_airport,US,Saginaw,MBS
Mac Dill Air Force Base,"27.84930038, -82.52120209",large_airport,US,Tampa,MCF
Kansas City International Airport,"39.2976, -94.713898",large_airport,US,Kansas City,MCI
Orlando International Airport,"28.429399490356445, -81.30899810791016",large_airport,US,Orlando,MCO
Chicago Midway International Airport,"41.785999, -87.752403",large_airport,US,Chicago,MDW
Memphis International Airport,"35.04240036010742, -89.97669982910156",large_airport,US,Memphis,MEM
Dobbins Air Reserve Base,"33.91540146, -84.51629639",large_airport,US,Marietta,MGE
Montgomery Regional (Dannelly Field) Airport,"32.30059814, -86.39399719",large_airport,US,Montgomery,MGM
Manchester-Boston Regional Airport,"42.932598, -71.435699",large_airport,US,Manchester,MHT
Miami International Airport,"25.79319953918457, -80.29060363769531",large_airport,US,Miami,MIA
General Mitchell International Airport,"42.947200775146484, -87.89659881591797",large_airport,US,Milwaukee,MKE
Quad City International Airport,"41.44850158691406, -90.50749969482422",large_airport,US,Moline,MLI
Monroe Regional Airport,"32.51089859008789, -92.0376968383789",large_airport,US,Monroe,MLU
Mobile Regional Airport,"30.691200256348, -88.242797851562",large_airport,US,Mobile,MOB
Dane County Regional Truax Field,"43.13990020751953, -89.3375015258789",large_airport,US,Madison,MSN
Minneapolis-St Paul International/Wold-Chamberlain Airport,"44.882, -93.221802",large_airport,US,Minneapolis,MSP
Louis Armstrong New Orleans International Airport,"29.99340057373047, -90.25800323486328",large_airport,US,New Orleans,MSY
Mountain Home Air Force Base,"43.043598, -115.872002",large_airport,US,Mountain Home,MUO
Metropolitan Oakland International Airport,"37.721298, -122.221001",large_airport,US,Oakland,OAK
Will Rogers World Airport,"35.39310073852539, -97.60070037841797",large_airport,US,Oklahoma City,OKC
Eppley Airfield,"41.3032, -95.894096",large_airport,US,Omaha,OMA
Ontario International Airport,"34.055999755859375, -117.60099792480469",large_airport,US,Ontario,ONT
Chicago O'Hare International Airport,"41.9786, -87.9048",large_airport,US,Chicago,ORD
Norfolk International Airport,"36.89459991455078, -76.20120239257812",large_airport,US,Norfolk,ORF
Tyndall Air Force Base,"30.0695991516, -85.57540130619999",large_airport,US,Panama City,PAM
Palm Beach International Airport,"26.68320083618164, -80.09559631347656",large_airport,US,West Palm Beach,PBI
Portland International Airport,"45.58869934, -122.5979996",large_airport,US,Portland,PDX
Newport News Williamsburg International Airport,"37.13190079, -76.49299622",large_airport,US,Newport News,PHF
Philadelphia International Airport,"39.87189865112305, -75.24109649658203",large_airport,US,Philadelphia,PHL
Phoenix Sky Harbor International Airport,"33.43429946899414, -112.01200103759766",large_airport,US,Phoenix,PHX
General Wayne A. Downing Peoria International Airport,"40.664199829100006, -89.6932983398",large_airport,US,Peoria,PIA
Pittsburgh International Airport,"40.49150085, -80.23290253",large_airport,US,Pittsburgh,PIT
Theodore Francis Green State Airport,"41.732601, -71.420403",large_airport,US,Providence,PVD
Portland International Jetport Airport,"43.64619827, -70.30930328",large_airport,US,Portland,PWM
Raleigh Durham International Airport,"35.877601623535156, -78.7874984741211",large_airport,US,Raleigh/Durham,RDU
Chicago Rockford International Airport,"42.19540023803711, -89.09719848632812",large_airport,US,Chicago/Rockford,RFD
Richmond International Airport,"37.50519943237305, -77.3197021484375",large_airport,US,Richmond,RIC
Randolph Air Force Base,"29.52969933, -98.27890015",large_airport,US,Universal City,RND
Reno Tahoe International Airport,"39.49909973144531, -119.76799774169922",large_airport,US,Reno,RNO
Roanoke–Blacksburg Regional Airport,"37.3255, -79.975403",large_airport,US,Roanoke,ROA
Greater Rochester International Airport,"43.118900299072266, -77.67240142822266",large_airport,US,Rochester,ROC
Rochester International Airport,"43.90829849243164, -92.5",large_airport,US,Rochester,RST
Southwest Florida International Airport,"26.53619956970215, -81.75520324707031",large_airport,US,Fort Myers,RSW
San Diego International Airport,"32.7336006165, -117.190002441",large_airport,US,San Diego,SAN
San Antonio International Airport,"29.533700942993164, -98.46980285644531",large_airport,US,San Antonio,SAT
Savannah Hilton Head International Airport,"32.12760162, -81.20210266",large_airport,US,Savannah,SAV
South Bend Regional Airport,"41.70869827270508, -86.31729888916016",large_airport,US,South Bend,SBN
Louisville International Standiford Field,"38.1744, -85.736",large_airport,US,Louisville,SDF
Seattle Tacoma International Airport,"47.449001, -122.308998",large_airport,US,Seattle,SEA
Orlando Sanford International Airport,"28.777599334716797, -81.23750305175781",large_airport,US,Orlando,SFB
San Francisco International Airport,"37.61899948120117, -122.375",large_airport,US,San Francisco,SFO
Springfield Branson National Airport,"37.24570084, -93.38860321",large_airport,US,Springfield,SGF
Norman Y. Mineta San Jose International Airport,"37.362598, -121.929001",large_airport,US,San Jose,SJC
Fairchild Air Force Base,"47.6151008606, -117.65599823",large_airport,US,Spokane,SKA
Salt Lake City International Airport,"40.78839874267578, -111.97799682617188",large_airport,US,Salt Lake City,SLC
Sacramento International Airport,"38.69540023803711, -121.59100341796875",large_airport,US,Sacramento,SMF
John Wayne Airport-Orange County Airport,"33.67570114, -117.8679962",large_airport,US,Santa Ana,SNA
Abraham Lincoln Capital Airport,"39.84410095, -89.67790222",large_airport,US,Springfield,SPI
Sheppard Air Force Base-Wichita Falls Municipal Airport,"33.9888, -98.491898",large_airport,US,Wichita Falls,SPS
Sarasota Bradenton International Airport,"27.39539909362793, -82.55439758300781",large_airport,US,Sarasota/Bradenton,SRQ
Shaw Air Force Base,"33.97269821, -80.47059631",large_airport,US,Sumter,SSC
St Louis Lambert International Airport,"38.748697, -90.370003",large_airport,US,St Louis,STL
Spirit of St Louis Airport,"38.662101745605, -90.652000427246",large_airport,US,St Louis,SUS
Travis Air Force Base,"38.262699127197, -121.92700195312",large_airport,US,Fairfield,SUU
Sioux Gateway Col. Bud Day Field,"42.40259933, -96.38439941",large_airport,US,Sioux City,SUX
Syracuse Hancock International Airport,"43.11119842529297, -76.1063003540039",large_airport,US,Syracuse,SYR
Whiteman Air Force Base,"38.73030090332, -93.547897338867",large_airport,US,Knob Noster,SZL
McChord Air Force Base,"47.1376991272, -122.475997925",large_airport,US,Tacoma,TCM
Tinker Air Force Base,"35.414699554443, -97.386596679688",large_airport,US,Oklahoma City,TIK
Tallahassee Regional Airport,"30.396499633789062, -84.35030364990234",large_airport,US,Tallahassee,TLH
Toledo Express Airport,"41.58679962, -83.80780029",large_airport,US,Toledo,TOL
Tampa International Airport,"27.975500106811523, -82.533203125",large_airport,US,Tampa,TPA
Tri-Cities Regional TN/VA Airport,"36.475201, -82.407401",large_airport,US,Bristol/Johnson/Kingsport,TRI
Tulsa International Airport,"36.19839859008789, -95.88809967041016",large_airport,US,Tulsa,TUL
Tucson International Airport,"32.1161003112793, -110.94100189208984",large_airport,US,Tucson,TUS
McGhee Tyson Airport,"35.81100082, -83.9940033",large_airport,US,Knoxville,TYS
Vandenberg Air Force Base,"34.7373008728, -120.583999634",large_airport,US,Lompoc,VBG
Destin-Ft Walton Beach Airport,"30.4832, -86.525398",large_airport,US,Valparaiso,VPS
Robins Air Force Base,"32.6400985718, -83.5919036865",large_airport,US,Warner Robins,WRB
Tirana International Airport Mother Teresa,"41.4146995544, 19.7206001282",large_airport,AL,Tirana,TIA
Burgas Airport,"42.56959915161133, 27.515199661254883",large_airport,BG,Burgas,BOJ
Sofia Airport,"42.696693420410156, 23.411436080932617",large_airport,BG,Sofia,SOF
Varna Airport,"43.232101, 27.8251",large_airport,BG,Varna,VAR
Larnaca International Airport,"34.875099182128906, 33.624900817871094",large_airport,CY,Larnarca,LCA
Paphos International Airport,"34.71799850463867, 32.48569869995117",large_airport,CY,Paphos,PFO
RAF Akrotiri,"34.590401, 32.9879",large_airport,GB,Akrotiri,AKT
Zagreb Airport,"45.7429008484, 16.0687999725",large_airport,HR,Zagreb,ZAG
Alicante International Airport,"38.28219985961914, -0.5581560134887695",large_airport,ES,Alicante,ALC
Barcelona International Airport,"41.2971, 2.07846",large_airport,ES,Barcelona,BCN
Adolfo Suárez Madrid–Barajas Airport,"40.471926, -3.56264",large_airport,ES,Madrid,MAD
Málaga Airport,"36.67490005493164, -4.499110221862793",large_airport,ES,Málaga,AGP
Palma De Mallorca Airport,"39.551700592, 2.73881006241",large_airport,ES,Palma De Mallorca,PMI
Santiago de Compostela Airport,"42.89630126953125, -8.415140151977539",large_airport,ES,Santiago de Compostela,SCQ
Bordeaux-Mérignac Airport,"44.828300476100004, -0.715556025505",large_airport,FR,Bordeaux/Mérignac,BOD
Toulouse-Blagnac Airport,"43.629101, 1.36382",large_airport,FR,Toulouse/Blagnac,TLS
Lyon Saint-Exupéry Airport,"45.725556, 5.081111",large_airport,FR,Lyon,LYS
Marseille Provence Airport,"43.439271922, 5.22142410278",large_airport,FR,Marseille,MRS
Nice-Côte d'Azur Airport,"43.6584014893, 7.215869903560001",large_airport,FR,Nice,NCE
Charles de Gaulle International Airport,"49.012798, 2.55",large_airport,FR,Paris,CDG
Paris-Orly Airport,"48.7233333, 2.3794444",large_airport,FR,Paris,ORY
EuroAirport Basel-Mulhouse-Freiburg Airport,"47.59, 7.5291667",large_airport,FR,Bâle/Mulhouse,BSL
Eleftherios Venizelos International Airport,"37.9364013672, 23.9444999695",large_airport,GR,Athens,ATH
Heraklion International Nikos Kazantzakis Airport,"35.3396987915, 25.180299758900002",large_airport,GR,Heraklion,HER
Thessaloniki Macedonia International Airport,"40.51969909667969, 22.97089958190918",large_airport,GR,Thessaloniki,SKG
Budapest Liszt Ferenc International Airport,"47.42976, 19.261093",large_airport,HU,Budapest,BUD
Bari Karol Wojtyła Airport,"41.138901, 16.760599",large_airport,IT,Bari,BRI
Catania-Fontanarossa Airport,"37.466801, 15.0664",large_airport,IT,Catania,CTA
Falcone–Borsellino Airport,"38.175999, 13.091",large_airport,IT,Palermo,PMO
Cagliari Elmas Airport,"39.251499, 9.05428",large_airport,IT,Cagliari,CAG
Malpensa International Airport,"45.6306, 8.72811",large_airport,IT,Milan,MXP
Il Caravaggio International Airport,"45.673901, 9.70417",large_airport,IT,Bergamo,BGY
Turin Airport,"45.200802, 7.64963",large_airport,IT,Torino,TRN
Genoa Cristoforo Colombo Airport,"44.4133, 8.8375",large_airport,IT,Genova,GOA
Milano Linate Airport,"45.445099, 9.27674",large_airport,IT,Milan,LIN
Bologna Guglielmo Marconi Airport,"44.5354, 11.2887",large_airport,IT,Bologna,BLQ
Treviso-Sant'Angelo Airport,"45.648399, 12.1944",large_airport,IT,Treviso,TSF
Verona Villafranca Airport,"45.395699, 10.8885",large_airport,IT,Verona,VRN
Venice Marco Polo Airport,"45.505299, 12.3519",large_airport,IT,Venice,VCE
Ciampino–G. B. Pastine International Airport,"41.7994, 12.5949",large_airport,IT,Rome,CIA
Leonardo da Vinci–Fiumicino Airport,"41.8002778, 12.2388889",large_airport,IT,Rome,FCO
Naples International Airport,"40.886002, 14.2908",large_airport,IT,Nápoli,NAP
Pisa International Airport,"43.683899, 10.3927",large_airport,IT,Pisa,PSA
Ljubljana Jože Pučnik Airport,"46.223701, 14.4576",large_airport,SI,Ljubljana,LJU
Václav Havel Airport Prague,"50.1008, 14.26",large_airport,CZ,Prague,PRG
Ben Gurion International Airport,"32.01139831542969, 34.88669967651367",large_airport,IL,Tel Aviv,TLV
Ovda International Airport,"29.94029998779297, 34.93579864501953",large_airport,IL,Eilat,VDA
Malta International Airport,"35.857498, 14.4775",large_airport,MT,Valletta,MLA
Vienna International Airport,"48.110298156738, 16.569700241089",large_airport,AT,Vienna,VIE
Faro Airport,"37.0144004822, -7.96590995789",large_airport,PT,Faro,FAO
Lajes Airport,"38.761799, -27.090799",large_airport,PT,Praia da Vitória,TER
João Paulo II Airport,"37.7411994934, -25.6979007721",large_airport,PT,Ponta Delgada,PDL
Francisco de Sá Carneiro Airport,"41.2481002808, -8.68138980865",large_airport,PT,Porto,OPO
Humberto Delgado Airport (Lisbon Portela Airport),"38.7813, -9.13592",large_airport,PT,Lisbon,LIS
Sarajevo International Airport,"43.82460021972656, 18.331499099731445",large_airport,BA,Sarajevo,SJJ
Henri Coandă International Airport,"44.5711111, 26.085",large_airport,RO,Bucharest,OTP
Geneva Cointrin International Airport,"46.23809814453125, 6.108950138092041",large_airport,CH,Geneva,GVA
Zürich Airport,"47.464699, 8.54917",large_airport,CH,Zurich,ZRH
Esenboğa International Airport,"40.128101348899996, 32.995098114",large_airport,TR,Ankara,ESB
Adana Airport,"36.9822006226, 35.280399322499996",large_airport,TR,Adana,ADA
Antalya International Airport,"36.898701, 30.800501",large_airport,TR,Antalya,AYT
Gaziantep International Airport,"36.9472007751, 37.4786987305",large_airport,TR,Gaziantep,GZT
Atatürk International Airport,"40.976898, 28.8146",large_airport,TR,Istanbul,ISL
Adnan Menderes International Airport,"38.2924003601, 27.156999588",large_airport,TR,İzmir,ADB
Dalaman International Airport,"36.7131004333, 28.7924995422",large_airport,TR,Dalaman,DLM
Erzurum International Airport,"39.9565010071, 41.17020034789999",large_airport,TR,Erzurum,ERZ
Trabzon International Airport,"40.99509811401367, 39.78969955444336",large_airport,TR,Trabzon,TZX
Süleyman Demirel International Airport,"37.8554000854, 30.368400573699997",large_airport,TR,Isparta,ISE
Milas Bodrum International Airport,"37.25059890749999, 27.6643009186",large_airport,TR,Bodrum,BJV
Sabiha Gökçen International Airport,"40.898601532, 29.3092002869",large_airport,TR,Istanbul,SAW
Skopje Alexander the Great Airport,"41.961601, 21.621401",large_airport,MK,Skopje,SKP
Belgrade Nikola Tesla Airport,"44.8184013367, 20.3090991974",large_airport,RS,Belgrade,BEG
Podgorica Airport,"42.359402, 19.2519",large_airport,ME,Podgorica,TGD
M. R. Štefánik Airport,"48.17020034790039, 17.21269989013672",large_airport,SK,Bratislava,BTS
Punta Cana International Airport,"18.567399978599997, -68.36340332030001",large_airport,DO,Punta Cana,PUJ
Las Américas International Airport,"18.42970085144, -69.668899536133",large_airport,DO,Santo Domingo,SDQ
La Aurora Airport,"14.5833, -90.527496",large_airport,GT,Guatemala City,GUA
Norman Manley International Airport,"17.935699462890625, -76.7874984741211",large_airport,JM,Kingston,KIN
General Juan N Alvarez International Airport,"16.757099151611328, -99.75399780273438",large_airport,MX,Acapulco,ACA
Don Miguel Hidalgo Y Costilla International Airport,"20.521799087524414, -103.31099700927734",large_airport,MX,Guadalajara,GDL
General Ignacio P. Garcia International Airport,"29.095899581900003, -111.047996521",large_airport,MX,Hermosillo,HMO
Licenciado Benito Juarez International Airport,"19.4363, -99.072098",large_airport,MX,Mexico City,MEX
General Mariano Escobedo International Airport,"25.7784996033, -100.107002258",large_airport,MX,Monterrey,MTY
Licenciado Gustavo Díaz Ordaz International Airport,"20.680099487304688, -105.25399780273438",large_airport,MX,Puerto Vallarta,PVR
Los Cabos International Airport,"23.15180015563965, -109.72100067138672",large_airport,MX,San José del Cabo,SJD
General Abelardo L. Rodríguez International Airport,"32.541099548339844, -116.97000122070312",large_airport,MX,Tijuana,TIJ
Cancún International Airport,"21.036500930800003, -86.8770980835",large_airport,MX,Cancún,CUN
Tocumen International Airport,"9.0713596344, -79.3834991455",large_airport,PA,Tocumen,PTY
Daniel Oduber Quiros International Airport,"10.5933, -85.544403",large_airport,CR,Liberia,LIR
Monseñor Óscar Arnulfo Romero International Airport,"13.4409, -89.055702",large_airport,SV,San Salvador (San Luis Talpa),SAL
José Martí International Airport,"22.989200592041016, -82.40910339355469",large_airport,CU,Havana,HAV
Juan Gualberto Gomez International Airport,"23.034400939941406, -81.435302734375",large_airport,CU,Varadero,VRA
Owen Roberts International Airport,"19.292800903299998, -81.3576965332",large_airport,KY,Georgetown,GCM
Lynden Pindling International Airport,"25.039, -77.466202",large_airport,BS,Nassau,NAS
Philip S. W. Goldson International Airport,"17.539100646972656, -88.30819702148438",large_airport,BZ,Belize City,BZE
Rarotonga International Airport,"-21.2026996613, -159.805999756",large_airport,CK,Avarua,RAR
Faa'a International Airport,"-17.553699, -149.606995",large_airport,PF,Papeete,PPT
Auckland International Airport,"-37.008098602299995, 174.792007446",large_airport,NZ,Auckland,AKL
Christchurch International Airport,"-43.48939895629883, 172.53199768066406",large_airport,NZ,Christchurch,CHC
Wellington International Airport,"-41.3272018433, 174.804992676",large_airport,NZ,Wellington,WLG
Bahrain International Airport,"26.27079963684082, 50.63359832763672",large_airport,BH,Manama,BAH
King Fahd International Airport,"26.471200942993164, 49.79790115356445",large_airport,SA,Ad Dammam,DMM
King Abdulaziz International Airport,"21.6796, 39.156502",large_airport,SA,Jeddah,JED
Prince Mohammad Bin Abdulaziz Airport,"24.5534, 39.705101",large_airport,SA,Medina,MED
King Khaled International Airport,"24.957599639892578, 46.69879913330078",large_airport,SA,Riyadh,RUH
Imam Khomeini International Airport,"35.416099548339844, 51.152198791503906",large_airport,IR,Tehran,IKA
Mehrabad International Airport,"35.68920135498047, 51.31340026855469",large_airport,IR,Tehran,THR
Mashhad International Airport,"36.235198974609375, 59.64099884033203",large_airport,IR,Mashhad,MHD
Shiraz Shahid Dastghaib International Airport,"29.539199829101562, 52.58980178833008",large_airport,IR,Shiraz,SYZ
Tabriz International Airport,"38.1338996887207, 46.23500061035156",large_airport,IR,Tabriz,TBZ
Queen Alia International Airport,"31.7226009369, 35.9931983948",large_airport,JO,Amman,AMM
Kuwait International Airport,"29.226600646972656, 47.96889877319336",large_airport,KW,Kuwait City,KWI
Beirut Rafic Hariri International Airport,"33.820899963378906, 35.488399505615234",large_airport,LB,Beirut,BEY
Duqm International Airport,"19.501944, 57.634167",large_airport,OM,Duqm,DQM
Rustaq Airport,"23.640556, 57.4875",large_airport,OM,Al Masna'ah,MNH
Abu Dhabi International Airport,"24.433000564575195, 54.651100158691406",large_airport,AE,Abu Dhabi,AUH
Dubai International Airport,"25.2527999878, 55.3643989563",large_airport,AE,Dubai,DXB
Al Maktoum International Airport,"24.896356, 55.161389",large_airport,AE,Jebel Ali,DWC
Sharjah International Airport,"25.32859992980957, 55.5172004699707",large_airport,AE,Sharjah,SHJ
Muscat International Airport,"23.593299865722656, 58.284400939941406",large_airport,OM,Muscat,MCT
Sialkot Airport,"32.5355567932, 74.3638916016",large_airport,PK,Sialkot,SKT
Baghdad International Airport,"33.262500762900004, 44.2346000671",large_airport,IQ,Baghdad,BGW
Basrah International Airport,"30.549100875854492, 47.66210174560547",large_airport,IQ,Basrah,BSR
Aleppo International Airport,"36.18069839477539, 37.22439956665039",large_airport,SY,Aleppo,ALP
Damascus International Airport,"33.4114990234375, 36.51559829711914",large_airport,SY,Damascus,DAM
Bassel Al-Assad International Airport,"35.401100158691406, 35.948699951171875",large_airport,SY,Latakia,LTK
Fairbanks International Airport,"64.81510162, -147.8560028",large_airport,US,Fairbanks,FAI
Ted Stevens Anchorage International Airport,"61.174400329589844, -149.99600219726562",large_airport,US,Anchorage,ANC
Antonio B. Won Pat International Airport,"13.4834003448, 144.796005249",large_airport,GU,"Hagåtña, Guam International Airport",GUM
Laguindingan Airport,"8.612203, 124.456496",large_airport,PH,Cagayan de Oro City,CGY
Daniel K Inouye International Airport,"21.32062, -157.924228",large_airport,US,Honolulu,HNL
New Islamabad International Airport,"33.560713, 72.851613",large_airport,PK,Islamabad,ISB
Hamad International Airport,"25.273056, 51.608056",large_airport,QA,Doha,DOH
Kinmen Airport,"24.4279, 118.359001",large_airport,TW,Shang-I,KNH
Kaohsiung International Airport,"22.57710075378418, 120.3499984741211",large_airport,TW,Kaohsiung City,KHH
Taiwan Taoyuan International Airport,"25.0777, 121.233002",large_airport,TW,Taipei,TPE
Narita International Airport,"35.7647018433, 140.386001587",large_airport,JP,Tokyo,NRT
Kansai International Airport,"34.42729949951172, 135.24400329589844",large_airport,JP,Osaka,KIX
New Chitose Airport,"42.77519989013672, 141.69200134277344",large_airport,JP,Chitose / Tomakomai,CTS
Fukuoka Airport,"33.585899353027344, 130.4510040283203",large_airport,JP,Fukuoka,FUK
Kagoshima Airport,"31.80340003967285, 130.718994140625",large_airport,JP,Kagoshima,KOJ
Chubu Centrair International Airport,"34.8583984375, 136.80499267578125",large_airport,JP,Tokoname,NGO
Mt. Fuji Shizuoka Airport,"34.7960434679, 138.18775177",large_airport,JP,Makinohara / Shimada,FSZ
Osaka International Airport,"34.785499572753906, 135.43800354003906",large_airport,JP,Osaka,ITM
Tokyo Haneda International Airport,"35.552299, 139.779999",large_airport,JP,Tokyo,HND
Yokota Air Base,"35.74850082397461, 139.34800720214844",large_airport,JP,Fussa,OKO
Muan International Airport,"34.991406, 126.382814",large_airport,KR,Piseo-ri (Muan),MWX
Kunsan Air Base,"35.90380096435547, 126.61599731445312",large_airport,KR,Kunsan,KUV
Jeju International Airport,"33.51129913330078, 126.49299621582031",large_airport,KR,Jeju City,CJU
Gimhae International Airport,"35.1795005798, 128.93800354",large_airport,KR,Busan,PUS
Incheon International Airport,"37.46910095214844, 126.45099639892578",large_airport,KR,Seoul,ICN
Gimpo International Airport,"37.5583, 126.791",large_airport,KR,Seoul,GMP
Cheongju International Airport/Cheongju Air Base (K-59/G-513),"36.717008, 127.498741",large_airport,KR,Cheongju,CJJ
Naha Airport,"26.1958007812, 127.646003723",large_airport,JP,Naha,OKA
Diosdado Macapagal International Airport,"15.186, 120.559998",large_airport,PH,Angeles/Mabalacat,CRK
Ninoy Aquino International Airport,"14.5086, 121.019997",large_airport,PH,Manila,MNL
Francisco Bangoy International Airport,"7.1255202293396, 125.64600372314453",large_airport,PH,Davao City,DVO
Mactan Cebu International Airport,"10.307499885559, 123.97899627686",large_airport,PH,Lapu-Lapu City,CEB
Grozny North Airport,"43.388302, 45.698601",large_airport,RU,Grozny,GRV
Ministro Pistarini International Airport,"-34.8222, -58.5358",large_airport,AR,Buenos Aires,EZE
Val de Cans/Júlio Cezar Ribeiro International Airport,"-1.3792500495900002, -48.4762992859",large_airport,BR,Belém,BEL
Presidente Juscelino Kubistschek International Airport,"-15.86916732788086, -47.920833587646484",large_airport,BR,Brasília,BSB
Tancredo Neves International Airport,"-19.62444305419922, -43.97194290161133",large_airport,BR,Belo Horizonte,CNF
Afonso Pena Airport,"-25.5284996033, -49.1758003235",large_airport,BR,Curitiba,CWB
Hercílio Luz International Airport,"-27.670278549194336, -48.5525016784668",large_airport,BR,Florianópolis,FLN
Rio Galeão – Tom Jobim International Airport,"-22.8099994659, -43.2505569458",large_airport,BR,Rio De Janeiro,GIG
Guarulhos - Governador André Franco Montoro International Airport,"-23.435556411743164, -46.47305679321289",large_airport,BR,São Paulo,GRU
Lauro Carneiro de Loyola Airport,"-26.22450065612793, -48.797401428222656",medium_airport,BR,Joinville,JOI
Ministro Victor Konder International Airport,"-26.879999, -48.651402",medium_airport,BR,Navegantes,NVT
Governador Aluízio Alves International Airport,"-5.768056, -35.376111",large_airport,BR,Natal,NAT
Congonhas Airport,"-23.626110076904297, -46.65638732910156",large_airport,BR,São Paulo,CGH
Deputado Luiz Eduardo Magalhães International Airport,"-12.9086112976, -38.3224983215",large_airport,BR,Salvador,SSA
Comodoro Arturo Merino Benítez International Airport,"-33.393001556396484, -70.78579711914062",large_airport,CL,Santiago,SCL
Cotopaxi International Airport,"-0.906833, -78.615799",large_airport,EC,Latacunga,LTX
Mariscal Sucre International Airport,"-0.129166666667, -78.3575",large_airport,EC,Quito,UIO
El Dorado International Airport,"4.70159, -74.1469",large_airport,CO,Bogota,BOG
Viru Viru International Airport,"-17.6448, -63.135399",large_airport,BO,Santa Cruz,VVI
Jorge Chávez International Airport,"-12.0219, -77.114305",large_airport,PE,Lima,LIM
Alejandro Velasco Astete International Airport,"-13.535699844400002, -71.9387969971",large_airport,PE,Cusco,CUZ
Carrasco International /General C L Berisso Airport,"-34.838402, -56.0308",large_airport,UY,Montevideo,MVD
General José Antonio Anzoategui International Airport,"10.111111, -64.692222",large_airport,VE,Barcelona,BLA
Simón Bolívar International Airport,"10.601194, -66.991222",large_airport,VE,Caracas,CCS
Pointe-à-Pitre Le Raizet,"16.265301, -61.531799",large_airport,GP,Pointe-à-Pitre,PTP
Luis Munoz Marin International Airport,"18.4393997192, -66.0018005371",large_airport,PR,San Juan,SJU
Enfidha - Hammamet International Airport,"36.075833, 10.438611",large_airport,TN,Enfidha,NBE
Princess Juliana International Airport,"18.041000366200002, -63.1088981628",large_airport,SX,Saint Martin,SXM
Istanbul Airport,"41.275278, 28.751944",large_airport,TR,Istanbul,IST
Almaty Airport,"43.35210037231445, 77.04049682617188",large_airport,KZ,Almaty,ALA
Astana International Airport,"51.02220153808594, 71.46690368652344",large_airport,KZ,Astana,TSE
Manas International Airport,"43.0612983704, 74.4776000977",large_airport,KG,Bishkek,FRU
Sary-Arka Airport,"49.670799255371094, 73.33439636230469",large_airport,KZ,Karaganda,KGF
Heydar Aliyev International Airport,"40.467498779296875, 50.04669952392578",large_airport,AZ,Baku,GYD
Zvartnots International Airport,"40.1473007202, 44.3959007263",large_airport,AM,Yerevan,EVN
Tbilisi International Airport,"41.6692008972, 44.95470047",large_airport,GE,Tbilisi,TBS
Khabarovsk-Novy Airport,"48.52799987793, 135.18800354004",large_airport,RU,Khabarovsk,KHV
Boryspil International Airport,"50.345001220703125, 30.894699096679688",large_airport,UA,Kiev,KBP
Simferopol International Airport,"45.05220031738281, 33.975101470947266",large_airport,UA,Simferopol,SIP
Kharkiv International Airport,"49.924800872802734, 36.290000915527344",large_airport,UA,Kharkiv,HRK
Odessa International Airport,"46.42679977416992, 30.67650032043457",large_airport,UA,Odessa,ODS
Pulkovo Airport,"59.80030059814453, 30.262500762939453",large_airport,RU,St. Petersburg,LED
Minsk National Airport,"53.882499694824, 28.030700683594",large_airport,BY,Minsk,MSQ
Yemelyanovo Airport,"56.172901, 92.493301",large_airport,RU,Krasnoyarsk,KJA
Tolmachevo Airport,"55.012599945068, 82.650703430176",large_airport,RU,Novosibirsk,OVB
Platov International Airport,"47.493888, 39.924722",large_airport,RU,Rostov-on-Don,ROV
Sochi International Airport,"43.449902, 39.9566",large_airport,RU,Sochi,AER
Koltsovo Airport,"56.743099212646, 60.802700042725",large_airport,RU,Yekaterinburg,SVX
Ashgabat International Airport,"37.986801, 58.361",large_airport,TM,Ashgabat,ASB
Tashkent International Airport,"41.257900238, 69.2811965942",large_airport,UZ,Tashkent,TAS
Zhukovsky International Airport,"55.553299, 38.150002",large_airport,RU,Moscow,ZIA
Domodedovo International Airport,"55.40879821777344, 37.90629959106445",large_airport,RU,Moscow,DME
Sheremetyevo International Airport,"55.972599, 37.4146",large_airport,RU,Moscow,SVO
Vnukovo International Airport,"55.5914993286, 37.2615013123",large_airport,RU,Moscow,VKO
Kazan International Airport,"55.606201171875, 49.278701782227",large_airport,RU,Kazan,KZN
Ufa International Airport,"54.557498931885, 55.874401092529",large_airport,RU,Ufa,UFA
Kurumoch International Airport,"53.504901885986, 50.16429901123",large_airport,RU,Samara,KUF
Chhatrapati Shivaji International Airport,"19.0886993408, 72.8678970337",large_airport,IN,Mumbai,BOM
Dabolim Airport,"15.3808002472, 73.8313980103",large_airport,IN,Vasco da Gama,GOI
Bandaranaike International Colombo Airport,"7.180759906768799, 79.88410186767578",large_airport,LK,Colombo,CMB
Phnom Penh International Airport,"11.546600341796875, 104.84400177001953",large_airport,KH,Phnom Penh,PNH
Siem Reap International Airport,"13.410699844400002, 103.81300354",large_airport,KH,Siem Reap,REP
Netaji Subhash Chandra Bose International Airport,"22.654699325561523, 88.44670104980469",large_airport,IN,Kolkata,CCU
Hazrat Shahjalal International Airport,"23.843347, 90.397783",large_airport,BD,Dhaka,DAC
Hong Kong International Airport,"22.308901, 113.915001",large_airport,HK,Hong Kong,HKG
Sri Guru Ram Dass Jee International Airport,"31.7096004486, 74.7973022461",large_airport,IN,Amritsar,ATQ
Indira Gandhi International Airport,"28.5665, 77.103104",large_airport,IN,New Delhi,DEL
Macau International Airport,"22.149599, 113.592003",large_airport,MO,Macau,MFM
Tribhuvan International Airport,"27.6966, 85.3591",large_airport,NP,Kathmandu,KTM
Kempegowda International Airport,"13.1979, 77.706299",large_airport,IN,Bangalore,BLR
Cochin International Airport,"10.152, 76.401901",large_airport,IN,Kochi,COK
Calicut International Airport,"11.1367998123, 75.95529937740001",large_airport,IN,Calicut,CCJ
Rajiv Gandhi International Airport,"17.2313175201, 78.4298553467",large_airport,IN,Hyderabad,HYD
Chennai International Airport,"12.990005493164062, 80.16929626464844",large_airport,IN,Chennai,MAA
Trivandrum International Airport,"8.48211956024, 76.9200973511",large_airport,IN,Thiruvananthapuram,TRV
Malé International Airport,"4.191830158233643, 73.52909851074219",large_airport,MV,Malé,MLE
Don Mueang International Airport,"13.9125995636, 100.607002258",large_airport,TH,Bangkok,DMK
Suvarnabhumi Airport,"13.681099891662598, 100.74700164794922",large_airport,TH,Bangkok,BKK
Chiang Mai International Airport,"18.766799926799997, 98.962600708",large_airport,TH,Chiang Mai,CNX
Phuket International Airport,"8.1132, 98.316902",large_airport,TH,Phuket,HKT
Da Nang International Airport,"16.043899536132812, 108.1989974975586",large_airport,VN,Da Nang,DAD
Noi Bai International Airport,"21.221200942993164, 105.80699920654297",large_airport,VN,Hanoi,HAN
Tan Son Nhat International Airport,"10.8187999725, 106.652000427",large_airport,VN,Ho Chi Minh City,SGN
Mandalay International Airport,"21.702199935913086, 95.97789764404297",large_airport,MM,Mandalay,MDL
Yangon International Airport,"16.907300949099998, 96.1332015991",large_airport,MM,Yangon,RGN
Hasanuddin International Airport,"-5.061629772186279, 119.55400085449219",large_airport,ID,Ujung Pandang-Celebes Island,UPG
Ngurah Rai (Bali) International Airport,"-8.7481698989868, 115.16699981689",large_airport,ID,Denpasar-Bali Island,DPS
Sentani International Airport,"-2.5769500733, 140.5160064698",large_airport,ID,Jayapura-Papua Island,DJJ
Juanda International Airport,"-7.3798298835754395, 112.78700256347656",large_airport,ID,Surabaya,SUB
Dominique Edward Osok Airport,"-0.894, 131.287",large_airport,ID,Sorong-Papua Island,SOQ
Brunei International Airport,"4.944200038909912, 114.9280014038086",large_airport,BN,Bandar Seri Begawan,BWN
Soekarno-Hatta International Airport,"-6.1255698204, 106.65599823",large_airport,ID,Jakarta,CGK
Kuala Lumpur International Airport,"2.745579957962, 101.70999908447",large_airport,MY,Kuala Lumpur,KUL
Singapore Changi Airport,"1.35019, 103.994003",large_airport,SG,Singapore,SIN
Brisbane International Airport,"-27.384199142456055, 153.11700439453125",large_airport,AU,Brisbane,BNE
Melbourne International Airport,"-37.673302, 144.843002",large_airport,AU,Melbourne,MEL
Adelaide International Airport,"-34.945, 138.531006",large_airport,AU,Adelaide,ADL
Perth International Airport,"-31.94029998779297, 115.96700286865234",large_airport,AU,Perth,PER
Canberra International Airport,"-35.30690002441406, 149.19500732421875",large_airport,AU,Canberra,CBR
Sydney Kingsford Smith International Airport,"-33.94609832763672, 151.177001953125",large_airport,AU,Sydney,SYD
Beijing Capital International Airport,"40.080101013183594, 116.58499908447266",large_airport,CN,Beijing,PEK
Beijing Daxing International Airport,"39.509945, 116.41092",large_airport,CN,Beijing,PKX
Baita International Airport,"40.851398, 111.823997",large_airport,CN,Hohhot,HET
Beijing Nanyuan Airport,"39.782798767089844, 116.38800048828125",large_airport,CN,Beijing,NAY
Tianjin Binhai International Airport,"39.124401092499994, 117.346000671",large_airport,CN,Tianjin,TSN
Taiyuan Wusu Airport,"37.74689865112305, 112.62799835205078",large_airport,CN,Taiyuan,TYN
Guangzhou Baiyun International Airport,"23.39240074157715, 113.29900360107422",large_airport,CN,Guangzhou,CAN
Changsha Huanghua International Airport,"28.189199447599997, 113.220001221",large_airport,CN,Changsha,CSX
Guilin Liangjiang International Airport,"25.21809959411621, 110.03900146484375",large_airport,CN,Guilin City,KWL
Nanning Wuxu Airport,"22.608299255371094, 108.1719970703125",large_airport,CN,Nanning,NNG
Shenzhen Bao'an International Airport,"22.639299392700195, 113.81099700927734",large_airport,CN,Shenzhen,SZX
Zhengzhou Xinzheng International Airport,"34.519699096699995, 113.841003418",large_airport,CN,Zhengzhou,CGO
Wuhan Tianhe International Airport,"30.7838, 114.208",large_airport,CN,Wuhan,WUH
Haikou Meilan International Airport,"19.934900283813477, 110.45899963378906",large_airport,CN,Haikou,HAK
Sanya Phoenix International Airport,"18.302900314331055, 109.41200256347656",large_airport,CN,Sanya,SYX
Xi'an Xianyang International Airport,"34.447102, 108.751999",large_airport,CN,Xi'an,XIY
Chinggis Khaan International Airport,"47.843102, 106.766998",large_airport,MN,Ulan Bator,ULN
Kunming Changshui International Airport,"25.1019444, 102.9291667",large_airport,CN,Kunming,KMG
Xiamen Gaoqi International Airport,"24.54400062561035, 118.12799835205078",large_airport,CN,Xiamen,XMN
Fuzhou Changle International Airport,"25.935100555419922, 119.66300201416016",large_airport,CN,Fuzhou,FOC
Hangzhou Xiaoshan International Airport,"30.22949981689453, 120.43399810791016",large_airport,CN,Hangzhou,HGH
Yaoqiang Airport,"36.857200622558594, 117.21600341796875",large_airport,CN,Jinan,TNA
Ningbo Lishe International Airport,"29.82670021057129, 121.46199798583984",large_airport,CN,Ningbo,NGB
Nanjing Lukou Airport,"31.742000579833984, 118.86199951171875",large_airport,CN,Nanjing,NKG
Shanghai Pudong International Airport,"31.143400192260742, 121.80500030517578",large_airport,CN,Shanghai,PVG
Shanghai Hongqiao International Airport,"31.197900772094727, 121.33599853515625",large_airport,CN,Shanghai,SHA
Wenzhou Longwan International Airport,"27.912201, 120.851997",large_airport,CN,Wenzhou,WNZ
Chongqing Jiangbei International Airport,"29.719200134277344, 106.64199829101562",large_airport,CN,Chongqing,CKG
Longdongbao Airport,"26.53849983215332, 106.8010025024414",large_airport,CN,Guiyang,KWE
Chengdu Shuangliu International Airport,"30.578500747680664, 103.9469985961914",large_airport,CN,Chengdu,CTU
Ürümqi Diwopu International Airport,"43.907100677490234, 87.47419738769531",large_airport,CN,Ürümqi,URC
Taiping Airport,"45.6234016418457, 126.25",large_airport,CN,Harbin,HRB
Zhoushuizi Airport,"38.9656982421875, 121.53900146484375",large_airport,CN,Dalian,DLC
Taoxian Airport,"41.639801025390625, 123.48300170898438",large_airport,CN,Shenyang,SHE
